generated,sabdab,pdb_ID,distance,identity
TLRSGINVGTYRIY,TLRSGINVGTYRIY,6w7s,0.0,1.0
MIWHSSAWV,AIWHSSAWV,6kva,1.0,0.8888888888888888
GKNYRPA,GKNYRPS,6fg2,1.0,0.8571428571428572
GASQRES,GASTRES,7jln,1.0,0.8571428571428572
DATTRAS,DASTRAS,7s8h,1.0,0.8571428571428572
DADTRAS,DASTRAS,7s8h,1.0,0.8571428571428572
DATTRAA,DASTRAA,8sxj,1.0,0.8571428571428572
GASQRET,GASTRET,8guz,1.0,0.8571428571428572
YKSDSDKQQGSGV,YKSDSDKQQGS,6kva,2.0,0.8461538461538461
QGDSLRGGYAN,QGDSLRGYYAS,6q1j,2.0,0.8181818181818181
QVWHSSAVV,QVWDSSSVV,4jzn,2.0,0.7777777777777778
QQYHTLPLS,QQYHTTPLT,8t7a,2.0,0.7777777777777778
QQYSRLPLS,QQYSRLPFT,1emt,2.0,0.7777777777777778
QGDSLKGGYAN,QGDSLRGYYAS,6q1j,3.0,0.7272727272727273
SSRDGSGTSVY,SSYDGSSTSVV,1jvk,3.0,0.7272727272727273
TSRDSSGFQVF,TSRDSSGNHVI,8khc,3.0,0.7272727272727273
QGQSLRYNYAN,QGDSLRSNYAS,6fg2,3.0,0.7272727272727273
QGESLRYNYAN,QGDSLRSNYAS,6fg2,3.0,0.7272727272727273
NANTRGE,NTNTGE,8ds5,2.0,0.7142857142857143
NGSTRDT,GGSTRAT,5esz,2.0,0.7142857142857143
GQNQRPD,GNNQRPS,8gtp,2.0,0.7142857142857143
GSNNRPA,GKNNRPS,8khc,2.0,0.7142857142857143
GKSNRPQ,GKNNRPS,8khc,2.0,0.7142857142857143
NGSTRDS,NVSNRDS,8g1b,2.0,0.7142857142857143
GQNQRPE,GNNQRPS,8gtp,2.0,0.7142857142857143
GTNNRPA,GTNNRVP,8sgi,2.0,0.7142857142857143
DATTRTS,DASTRAS,7s8h,2.0,0.7142857142857143
GKQNRPA,GKNNRPS,8khc,2.0,0.7142857142857143
GKSNRPA,GKNNRPS,8khc,2.0,0.7142857142857143
DATTREA,DASTRAA,8sxj,2.0,0.7142857142857143
GANQRES,GNNQRPS,8gtp,2.0,0.7142857142857143
NGSTRGS,LGSTRAS,7uvl,2.0,0.7142857142857143
GANQRET,GASTRET,8guz,2.0,0.7142857142857143
GKNYKPA,GKNYRPS,6fg2,2.0,0.7142857142857143
GENQRPG,GNNQRPS,8gtp,2.0,0.7142857142857143
GSNNRPT,GKNNRPS,8khc,2.0,0.7142857142857143
NGSTRGT,GGSTRAT,5esz,2.0,0.7142857142857143
GANNKPQ,GANNRPS,4od2,2.0,0.7142857142857143
GQNQRPG,GNNQRPS,8gtp,2.0,0.7142857142857143
GFNLNEYGVS,GFSLNTYGV,7wee,3.0,0.7
GYTFTSYGIS,GYTFTSY,8u4q,3.0,0.7
QFSLVTYGIA,GFSLSTYGI,3u9u,3.0,0.7
SFSLVTYGIA,GFSLSTYGI,3u9u,3.0,0.7
GFSLNDYGIS,GFSLNTYGV,7wee,3.0,0.7
GFSLNEYGIS,GFSLNTYGV,7wee,3.0,0.7
HFSLVTYGIA,GFSLSTYGI,3u9u,3.0,0.7
QQYHRLPLS,QQYDDLPLT,8tqi,3.0,0.6666666666666667
GTSAGTFAS,GTSTLAS,7fbi,3.0,0.6666666666666667
GRMAGTFDS,GMSGTFDY,8bbh,3.0,0.6666666666666667
QVWHSAAVV,QVWDSSSVV,4jzn,3.0,0.6666666666666667
QIWHVGVWV,AIWHSGAWV,4ktd,3.0,0.6666666666666667
GRSAGTFDS,GMSGTFDY,8bbh,3.0,0.6666666666666667
KESASDLYESRNKNSVA,KSSQSLLYSSRNKNYLA,6xq4,6.0,0.6470588235294117
HGDSLRYNMAN,QGDSLRSNYAS,6fg2,4.0,0.6363636363636364
MGDSLRYNMAN,QGDSLRSNYAS,6fg2,4.0,0.6363636363636364
SSRDGSGTQVF,SSRDRSGNHVL,8dg8,4.0,0.6363636363636364
SSRDSSGFQVF,TSRDSSGNHVI,8khc,4.0,0.6363636363636364
HGDSLRGNNAN,QGDSLRGYSAS,6q18,4.0,0.6363636363636364
SSRDESGFQVF,SSRDRSGNHVL,8dg8,4.0,0.6363636363636364
SSRDASGFQVF,SSRDRSGNHVL,8dg8,4.0,0.6363636363636364
SSRDNSGYRVF,SSRDRSGNHVL,8dg8,4.0,0.6363636363636364
SSRDQSGYRVF,SSRDRSGNHVL,8dg8,4.0,0.6363636363636364
NGDSLRNQHAN,QGDSLRNYYAS,7kej,4.0,0.6363636363636364
SSRDASGYRVF,SSRDRSGNHVL,8dg8,4.0,0.6363636363636364
SSRDGSGTQVY,SSRDRSGNHVL,8dg8,4.0,0.6363636363636364
SSRDGSGTTVY,SSRDRSGNHVL,8dg8,4.0,0.6363636363636364
SSRDSSGWQVF,TSRDSSGNHVI,8khc,4.0,0.6363636363636364
TGDSLRNQHAN,QGDSLRNYYAS,7kej,4.0,0.6363636363636364
HGDSLRYEYAN,QGDSLRSYYAS,8khc,4.0,0.6363636363636364
GFDLNDYGIS,GFTLDYS,7uby,4.0,0.6
GFNLNDYGIS,GFNLSYS,7stf,4.0,0.6
VGRGGGYFDA,ERGDGYFDY,7mdj,4.0,0.6
VGRGGGYFDT,GGVGSFDT,2ybr,4.0,0.6
GFHLNEYGIS,GFSLNTYGV,7wee,4.0,0.6
IGKGGGYFDS,GFGDGGYFDV,3eot,4.0,0.6
GFNLNKYGIS,GFNLSYS,7stf,4.0,0.6
GFSFPDYAMH,GFSFSDA,8khc,4.0,0.6
GFTFNWYAMH,GFTFNSY,8vye,4.0,0.6
IGKGGGYFDT,GGVGSFDT,2ybr,4.0,0.6
VNPFTSYGLG,NPTSGG,6vmj,4.0,0.6
GFQFDRYAMH,GFTFRYA,8c3v,4.0,0.6
VGRGGGYFDS,ERGDGYFDY,7mdj,4.0,0.6
VGHGGGYFDS,GFGDGGYFDV,3eot,4.0,0.6
IGKGGGYFDH,GFGDGGYFDV,3eot,4.0,0.6
GFNLNEYGIS,GFNLSYS,7stf,4.0,0.6
GYNLNSYGIS,GYSLTSGS,8wej,4.0,0.6
IGKGGGYFDA,GFGDGGYFDV,3eot,4.0,0.6
GFNLDEYGIS,GFNLSYS,7stf,4.0,0.6
VGKGGGYFDT,GGVGSFDT,2ybr,4.0,0.6
VGNGGGYFDS,GFGDGGYFDV,3eot,4.0,0.6
VGKGGGYFDS,GFGDGGYFDV,3eot,4.0,0.6
RESQSDLYESQNKNSVA,KSSQSVLYSSNNKNYLA,8b7h,7.0,0.5882352941176471
RESASDLYESRNKNSVA,KSSQSLLYSSRNKNYLA,6xq4,7.0,0.5882352941176471
GRETKPN,GRTN,8tw3,3.0,0.5714285714285714
GRNAKPG,GFNVKTG,3dvn,3.0,0.5714285714285714
NGGTRES,GNGGRS,8sgn,3.0,0.5714285714285714
DSNSRTQ,DSNKRPS,8sga,3.0,0.5714285714285714
GTNNKPQ,GTNNRVP,8sgi,3.0,0.5714285714285714
NGSTRGN,GGSGN,8t0o,3.0,0.5714285714285714
NGSTRDK,NVSNRDS,8g1b,3.0,0.5714285714285714
GREQRTG,GRTG,7qbe,3.0,0.5714285714285714
DGDTRSQ,SGDTRG,7x9e,3.0,0.5714285714285714
DGNARQE,DGNKRPS,4lsu,3.0,0.5714285714285714
DSNTRSE,DSNKRPS,8sga,3.0,0.5714285714285714
TLQGAMSCGTYRVK,QSADSDGTYRV,8ejj,6.0,0.5714285714285714
DGNTRSQ,DGNTVG,8sef,3.0,0.5714285714285714
GKQNKPQ,GKNNRPS,8khc,3.0,0.5714285714285714
NGGTRET,NNGGTT,8p88,3.0,0.5714285714285714
GKNAKPG,GKNNRPS,8khc,3.0,0.5714285714285714
GKEQRTG,GKDQRPS,4uom,3.0,0.5714285714285714
DGNTRSE,DGNTVG,8sef,3.0,0.5714285714285714
GGDDKPK,NGDDGK,6db7,3.0,0.5714285714285714
DSNTRSQ,DSNKRPS,8sga,3.0,0.5714285714285714
TLEGAMSCGTYRIK,TLRSAINVGTYRIY,7so7,6.0,0.5714285714285714
GANQREE,GNNQRPS,8gtp,3.0,0.5714285714285714
DSNTRTQ,DSNKRPS,8sga,3.0,0.5714285714285714
GGDQKPK,GKDQRPS,4uom,3.0,0.5714285714285714
GTNAGTFNG,GWAETFG,8k3k,4.0,0.5555555555555556
GWTAGTFNA,GWAETFG,8k3k,4.0,0.5555555555555556
QVWHVGIWV,QSYDSGIWV,7ycn,4.0,0.5555555555555556
GANAGTFNG,GWAETFG,8k3k,4.0,0.5555555555555556
GATAGTFNE,GATSTFD,8pii,4.0,0.5555555555555556
QVWHVGVWV,AIWHSGAWV,4ktd,4.0,0.5555555555555556
GTSAGTFNS,SAGNS,8qf5,4.0,0.5555555555555556
GRTAGTFDS,GTAGD,8hws,4.0,0.5555555555555556
GKAAGTFDG,GWAETFG,8k3k,4.0,0.5555555555555556
GTSAGTFKS,GGTFS,8h91,4.0,0.5555555555555556
GANAGTFDK,GATSTFD,8pii,4.0,0.5555555555555556
GANAGTFDN,GATSTFD,8pii,4.0,0.5555555555555556
GRAAGTFDA,NRATFDY,8h73,4.0,0.5555555555555556
GATAGTFNA,GATSTFD,8pii,4.0,0.5555555555555556
GRAAGTMDS,AASTLDS,8euq,4.0,0.5555555555555556
GTSAGTFNQ,GSVTFN,8g70,4.0,0.5555555555555556
GKAAGTFDS,GGTFS,8h91,4.0,0.5555555555555556
GQNAGTFDN,GMSGTFDY,8bbh,4.0,0.5555555555555556
GASAGTFNA,GSVTFN,8g70,4.0,0.5555555555555556
GANAGTFDQ,GATSTFD,8pii,4.0,0.5555555555555556
GTAAGTFDG,PGTAAGDY,8t60,4.0,0.5555555555555556
GRAAGTFDS,GGTFS,8h91,4.0,0.5555555555555556
GKAAGTFAG,GWAETFG,8k3k,4.0,0.5555555555555556
GATAGTFNS,GGTFS,8h91,4.0,0.5555555555555556
SSRDKTGFQVF,SSRDRSGNHVL,8dg8,5.0,0.5454545454545454
HGDSLKYNMAN,QGDSLRSNYAS,6fg2,5.0,0.5454545454545454
HGDSIQYNMAN,GDSISNN,8dun,5.0,0.5454545454545454
QGPSLQYNMAN,QGDSLRSNYAS,6fg2,5.0,0.5454545454545454
VIPFASHGLG,VGRFASHQLDY,5tz2,5.0,0.5454545454545454
HGDTLRYNMAN,QGDSLRSNYAS,6fg2,5.0,0.5454545454545454
SARDSSGFQVF,TSRDSSGNHVI,8khc,5.0,0.5454545454545454
QSRDATGYSVY,QSADASTTYHV,7wr9,5.0,0.5454545454545454
KGESLRYEYAN,QGDSLRSYYAS,8khc,5.0,0.5454545454545454
HGDSLQYNMAN,QGDSLRSNYAS,6fg2,5.0,0.5454545454545454
HGDSLQYGMAN,DSLRYGMDV,7oly,5.0,0.5454545454545454
YRRYPDAWRAHGS,YYRYEAWFAS,7a69,6.0,0.5384615384615384
RESASDLYESQNKNSVA,KSSQSVLYSSNNKNYLA,8b7h,8.0,0.5294117647058824
SLRASVQFDSGRKNSVA,RASQSVRTNVA,6dwi,8.0,0.5294117647058824
RESTSDLYESQNKNSVA,KSSQSVLYSSNNKNYLA,8b7h,8.0,0.5294117647058824
GVIIGGGRGHPLIHVN,QVWDSGRGHPLYV,6c5v,8.0,0.5
VGHGGGYFES,NGGGGS,8idi,5.0,0.5
IWNGTMNA,NWNGGN,8en2,4.0,0.5
AVSGYSTFGTYRVK,QSADSDGTYRV,8ejj,7.0,0.5
SLTGAMSCGTYRVK,QSADSDGTYRV,8ejj,7.0,0.5
GVIIGGGRGHPLIHYN,QVWDSGRGHPLYV,6c5v,8.0,0.5
SLEGAMSCGTYRIK,TLRSAINVGTYRIY,7so7,7.0,0.5
GGMNTQYGIA,GGTYGTY,6w5d,5.0,0.5
VIYSDGRRTAYADSVQ,VQYSGYGNAYFDV,6pis,8.0,0.5
GISWNSNTVGYSDTVR,SGSNSNIGSNTVH,4hj0,8.0,0.5
GFQFDKYAMH,GFTFSKY,8tqk,5.0,0.5
GNKLDNYGIS,NPNYGI,7umn,5.0,0.5
VGQLRLSR,GGSLSR,8oi2,4.0,0.5
GYDLPQYGIA,GLDLPSY,5m63,5.0,0.5
AGGYAYVGATYRIK,GYAYTYI,2p42,7.0,0.5
GGNNTQYGIA,GGTYGTY,6w5d,5.0,0.5
SLEGAMSCGTYRVK,QSADSDGTYRV,8ejj,7.0,0.5
VGQLKLSR,GGSLSR,8oi2,4.0,0.5
MGLGLMDA,SGLGGA,8i4h,4.0,0.5
GISFGSGEQGYADSVR,GFGDGGYFDV,3eot,8.0,0.5
GISWNSNTVGYSDSVK,TGTSSDVGGSDSVS,8fo3,8.0,0.5
VGINGTKA,SGSGTK,2r56,4.0,0.5
VGINGTTA,GYNFTTY,8tqa,4.0,0.5
AGAYAYVGATYRIK,GYAYTYI,2p42,7.0,0.5
GISWNSGSVGYADNIR,RIWRGTVYDNI,5mwn,8.0,0.5
VIPFAGHGLG,VPGLGL,7kex,5.0,0.5
GISTNSGSVGYADTVN,SGSSSNIGSYTVN,4gxu,8.0,0.5
IWNGTINA,NWNGDI,8gat,4.0,0.5
GEDRNKYGIA,GDGNYGY,1mlb,5.0,0.5
GISWNSNTVGYSESVR,GANNIGSESVH,8xi6,8.0,0.5
GYELPQYGIA,GFSLSTYGI,3u9u,5.0,0.5
VIPFVGHGLG,VPGLGL,7kex,5.0,0.5
IWNGTISA,RWSGTS,8r4b,4.0,0.5
VGINGTYA,SGGGTY,8gsi,4.0,0.5
GISWNGGSQGYADSVK,TGSSSNIGSGYDVH,4m6n,8.0,0.5
GISTNSGSVGYADSVN,TGSSSNIGSGYDVH,4m6n,8.0,0.5
VIPFFGHGLG,IPFFGT,7v3l,5.0,0.5
NYKYGSQPHTYRSR,NYYGSTYDY,6ugs,7.0,0.5
VVVDVRPV,DVTDRPS,8gpy,4.0,0.5
GISWNSGSVGYADNVK,TGSSSNIGSGYDVH,4m6n,8.0,0.5
SLEGAISCGTYRVK,QSADSDGTYRV,8ejj,7.0,0.5
GISTNSGSYGYADTIN,GISGSYGWFDP,4hg4,8.0,0.5
GISWNSGSVGYADNLS,GLSSGSVSTAYFPS,7tcc,8.0,0.5
VDPFTSYGLG,GYPFTSY,8vye,5.0,0.5
DLEGAMSCGTYRIK,TLRSAINVGTYRIY,7so7,7.0,0.5
GEDRNQYGIA,GDGNYGY,1mlb,5.0,0.5
GVVIGGGRGHPLIHYN,QVWDSGRGHPLYV,6c5v,8.0,0.5
GNKLNNYGIS,GKNNRPS,8khc,5.0,0.5
GGELPKYGIA,GFSLSTYGI,3u9u,5.0,0.5
GISWNGGSQGYADQVK,TGSSSNIGSGYDVH,4m6n,8.0,0.5
NYKYGSQPHTYTSR,NYYGSTYDY,6ugs,7.0,0.5
VIYSDGRRTAYSDSVQ,VQYSGYGNAYFDV,6pis,8.0,0.5
GISTNSGAVGYADSVN,TGSSSNIGAGYDVH,8siq,8.0,0.5
FGLGLMDA,SGLGGA,8i4h,4.0,0.5
SLTTGLSHGTYRVK,SSYTGSSTYV,7myt,7.0,0.5
IGLGLMDA,SGLGGA,8i4h,4.0,0.5
LGLGLMDA,SGLGGA,8i4h,4.0,0.5
VVLDVRPV,DVTDRPS,8gpy,4.0,0.5
VIPFTSHGLG,IPTSGI,8g3q,5.0,0.5
SLTTGVSHGTYRVK,SSYTGSSTYV,7myt,7.0,0.5
AGNYAYIGATYRIK,GYAYTYI,2p42,7.0,0.5
GISWNSNTVGYSDSVR,TGTSSDVGGSDSVS,8fo3,8.0,0.5
VIYSDGRRTAYSDSVH,VQYSGYGNAYFDV,6pis,8.0,0.5
VGRGVIDH,VGTGSLDY,7y1b,4.0,0.5
GGELPQYGIA,GFSLSTYGI,3u9u,5.0,0.5
AGNYAYVGATYRIK,GYAYTYI,2p42,7.0,0.5
SLRASVLFDSGRKNSVA,RASRSVRNNVA,8sxj,9.0,0.47058823529411764
SITDSVVSNNRGKNSVA,SGSRSNIGSNSVS,7ur6,9.0,0.47058823529411764
NLSQVGDSSGREKNSVA,SGSSSNVEDNSVY,3t0v,9.0,0.47058823529411764
SITNSVVSNNRGRNSVA,SGNSSNIGNNYVS,8sga,9.0,0.47058823529411764
SLRASGMFDSGRKNSVA,RASRSVRNNVA,8sxj,9.0,0.47058823529411764
NLSSIGDTSGREKNSVA,TLSSGFTVGRYSIF,4ktd,9.0,0.47058823529411764
TLAETVTSANRSKNSVA,RASETVSNDKVA,8ady,9.0,0.47058823529411764
NLSSVGDTSGREKNSVA,TLSSGFTVGRYSIF,4ktd,9.0,0.47058823529411764
SITDSVVSNNRGRNSVA,SGSSSNIGRNYVY,8r8d,9.0,0.47058823529411764
SITNSVVGNNRGRNSVA,SGSSSNVGRGNYVN,8gsp,9.0,0.47058823529411764
SLRAAVSFDSGRKNSVA,RASRSVRNNVA,8sxj,9.0,0.47058823529411764
SITNSVVDNNQGRNSVA,SGTSRDIGGYNYVA,8gdr,9.0,0.47058823529411764
SLTNSVVDNNRGRNSVA,SGTSRDIGGYNYVA,8gdr,9.0,0.47058823529411764
RESTTDLYENQNKNSVA,KSSQTLLYSNNQKNYLA,2gjj,9.0,0.47058823529411764
SLRVAVQFDSGRKNSVA,RASQSVRTNVA,6dwi,9.0,0.47058823529411764
SITNSVVSNNRGKNSVA,SGNSSNIGNNYVS,8sga,9.0,0.47058823529411764
SLRAAVQFDSGRKNSVA,RASQSVRTNVA,6dwi,9.0,0.47058823529411764
TLAETVSDANRSKNSVA,RASETVSNDKVA,8ady,9.0,0.47058823529411764
TLGETVSSANRSKNSVA,TGTSSDVGSYNLVS,8r1c,9.0,0.47058823529411764
SLRASVNFDSGRKNSVA,RASRSVRNNVA,8sxj,9.0,0.47058823529411764
SITHSVVSNNRGKNSVA,SGSRSNIGSNSVS,7ur6,9.0,0.47058823529411764
TLAETVSSANRSKNSVA,TLSSAYSNYSVD,8ezm,9.0,0.47058823529411764
SLRASVMFDSGRKNSVA,RASRSVRNNVA,8sxj,9.0,0.47058823529411764
TLAETVSAANRSKNSVA,RASETVSNDKVA,8ady,9.0,0.47058823529411764
RESTTDLYESQNKNSVA,KSSQTVLYSSNNKKYLA,8jeo,9.0,0.47058823529411764
SLQASVMFDSGRKNSVA,KSSQSVLFSSNNKNYLA,7zxk,9.0,0.47058823529411764
TLAETVASANRSKNSVA,RASETVSNDKVA,8ady,9.0,0.47058823529411764
SITNSVVDNNRGRNSVA,SGTSRDIGGYNYVA,8gdr,9.0,0.47058823529411764
VRDNAEPEQYNKV,QVRDNNENEWV,3ux9,7.0,0.46153846153846156
VRDNAETEQYSKV,QVRDNNENEWV,3ux9,7.0,0.46153846153846156
ARDNEYQPGNPGS,RDNQRPS,6xlz,7.0,0.46153846153846156
YRRYPDAWRAHGA,YYRYEAWFAS,7a69,7.0,0.46153846153846156
VRNEIKWQDTYTI,RNEANDYT,7r8b,7.0,0.46153846153846156
VRDNAESEQYNKV,QVRDNNENEWV,3ux9,7.0,0.46153846153846156
ARDNEYYPRNPGS,RNNERPS,8gto,7.0,0.46153846153846156
YQGEKNCQGTNSA,QASQNVGTNVA,7cvy,7.0,0.46153846153846156
ARDNEYYPGSPGS,RASEYVGSYVS,8foi,7.0,0.46153846153846156
VRNEIKWQDTYTV,RNEANDYT,7r8b,7.0,0.46153846153846156
YRHYPDAWRYQTA,LGGYPAASYRTA,6cf2,7.0,0.46153846153846156
VRDNAETATYSKV,RDIETAEYTY,7n9b,7.0,0.46153846153846156
ARDNTYYPGSPGS,DTGSGS,8w85,7.0,0.46153846153846156
IRNEIAWKETYTV,RNKAKGYT,3duu,7.0,0.46153846153846156
ARDNEYYPGRPGS,RNNERPS,8gto,7.0,0.46153846153846156
VRNEIKWRDTYTV,RNEANDYT,7r8b,7.0,0.46153846153846156
VRNDIKWKETYTV,RNKAKGYT,3duu,7.0,0.46153846153846156
YRHYPDSWRYQAA,YYSDSSKYQGS,4kte,7.0,0.46153846153846156
VRDNAETETYSKV,QVRDNNENEWV,3ux9,7.0,0.46153846153846156
VRDNAETEQYNKV,QVRDNNENEWV,3ux9,7.0,0.46153846153846156
YRRYPDAWRAHGT,YYRYEAWFAS,7a69,7.0,0.46153846153846156
YRHYPDAWRYQAA,YRYDDAMDY,2nyy,7.0,0.46153846153846156
YRHYPDAWRYHAA,YRYDDAMDY,2nyy,7.0,0.46153846153846156
VRNEIAWKETYTV,RNKAKGYT,3duu,7.0,0.46153846153846156
KVVTGWGWV,VVGSGN,8c89,5.0,0.4444444444444444
RVGHNQVWV,RVGSWY,8bvr,5.0,0.4444444444444444
QVWHVGVWI,QVWDRSSNI,8tnn,5.0,0.4444444444444444
KVVMAWGWV,VVASGN,7wch,5.0,0.4444444444444444
RVGHNNVWM,RVGSWY,8bvr,5.0,0.4444444444444444
VFWHAKVSA,GGWHAMDS,5tzt,5.0,0.4444444444444444
RVGHNNVWL,RVGSWY,8bvr,5.0,0.4444444444444444
RVGHNTVWI,DGNTVG,8sef,5.0,0.4444444444444444
GTNAGTFNQ,GYAFTNY,8uky,5.0,0.4444444444444444
KVWTAWGWV,QAWTADLHV,8d3a,5.0,0.4444444444444444
RVGHNNVWI,ALWSNNHWI,1mfa,5.0,0.4444444444444444
KVVTAWGWV,VVASGN,7wch,5.0,0.4444444444444444
RVGHNQVWI,RVGSWY,8bvr,5.0,0.4444444444444444
GISWNSNSVGYSDNIK,GSVFSDNAMGWSPNIN,7zg0,9.0,0.4375
NIASDGMNVVPTNYGR,KASENVVTYVS,1uyw,9.0,0.4375
GISWGSGDQGYADGVK,TGSGSNLGADYGVH,8dzw,9.0,0.4375
DAPVNNFGNSGYGLLV,DSVWYTGSYGLIY,8cin,9.0,0.4375
GVIIGGGHGHPLIHYN,QVWDSGRGHPLYV,6c5v,9.0,0.4375
SIAADGMNILPTNYGR,SASQGITNYLN,7usl,9.0,0.4375
QAQIGYGPRGETMMGY,QQGYTPRT,6pis,9.0,0.4375
GISWNSGSVGYADNLR,GSSGAWYFDL,8f2t,9.0,0.4375
VIYSDGRRTTYGDSVK,VYRYNYDSV,8dpl,9.0,0.4375
GISWGSGDQGYADGVR,TGSGSNLGADYGVH,8dzw,9.0,0.4375
NAPVSNFGSSGQGLLV,ASGDSGSSLV,8kgz,9.0,0.4375
QAQIGYGPRGQAMDGN,SAYGSEGFAMDY,8de3,9.0,0.4375
VIYSDGRRTMYSDSVH,VYRYNYDSV,8dpl,9.0,0.4375
SILADGINVLPTNYGR,AILAYTGEVTNY,8ee2,9.0,0.4375
VIYSDGRRTVYADSVQ,VIESTRFVYDHY,8ozb,9.0,0.4375
GISWGSGDQGYADSIK,GYSSGQGTLDN,8fg0,9.0,0.4375
GISWGSGDQGYADSVR,TGTSSDVGGSDSVS,8fo3,9.0,0.4375
VIYSDGRRTMYSDAVE,EIYDGYNTMDY,7qt0,9.0,0.4375
GISWGSGQQGYADSVK,GYSSGQGTLDN,8fg0,9.0,0.4375
GISWGSGDQGYADSVK,TGTSSDVGGSDSVS,8fo3,9.0,0.4375
GISTNSGSVGYADSLN,RASQSIGASLN,8g5b,9.0,0.4375
VIYSDGRRTFYSDAVE,DAYGRYFYDV,8f0l,9.0,0.4375
VIYSDGRRTLYADSVQ,VYRYNYDSV,8dpl,9.0,0.4375
GIIVGGGRGHPLIHVN,QVWDSGRGHPLYV,6c5v,9.0,0.4375
DAAVNNFGSSGQGLLV,AAWDDGLSGSGWV,8gtp,9.0,0.4375
DAPVSNFGSSGQGLLV,ASGDSGSSLV,8kgz,9.0,0.4375
VIYADGRRTAYGDNVA,SIYDGYYDYFDV,7cec,9.0,0.4375
VIYSDGRRSVYADSVL,VIESTRFVYDHY,8ozb,9.0,0.4375
VIYADGRRTAYGDDVA,DWRRTNYYGMDV,8fja,9.0,0.4375
GISWNSASQGYADSIK,GGSISSGDS,7t17,9.0,0.4375
QAQIGYGPRGQAMMGY,SAYGSEGFAMDY,8de3,9.0,0.4375
LEGMAGNGPVNLIIPD,LGSGNPVAI,6x1v,9.0,0.4375
VIYSDGRRTVYGDSVK,VIESTRFVYDHY,8ozb,9.0,0.4375
DAPVSNFGNAGQGLLV,DAYVSGSDYYYYGLDV,5tpn,9.0,0.4375
VIYSDGRRTFYADSVE,VYRYNYDSV,8dpl,9.0,0.4375
GISWGSGEQGYADGVK,TGSGSNLGADYGVH,8dzw,9.0,0.4375
GISWNSNTVGYSDSIK,TLSSGINVGSYSIF,8sgg,9.0,0.4375
VIYSDGRRTVYGDSVQ,VIESTRFVYDHY,8ozb,9.0,0.4375
VIYSDGRRSVYADNVQ,VIESTRFVYDHY,8ozb,9.0,0.4375
VIYSDGRRSVYADNVL,VIESTRFVYDHY,8ozb,9.0,0.4375
VIYSDGRRTMYSDSVE,VYRYNYDSV,8dpl,9.0,0.4375
NIASEGINVLPTNYGR,QASQGITNYVN,8pq2,9.0,0.4375
WISAYNGNTNYAQKLQ,SASQGITNYLN,7usl,9.0,0.4375
GISWNSNSVGYADNVK,SGSSSNVGYGNYVS,8kgz,9.0,0.4375
VIYSDGRRTFYADSIQ,SAYAGRQTFYI,7t9a,9.0,0.4375
GISWNSGSVGYADSIR,GGSISSGDS,7t17,9.0,0.4375
GISWNSGSQGYADSIK,GYSSGQGTLDN,8fg0,9.0,0.4375
GISTNSGSVGYADTIN,SGSGSNIGSNTIN,8gto,9.0,0.4375
LEGMYGNGPDALGIPG,LRANYCSGPPTLGPY,8tw3,9.0,0.4375
GIIVGGGRGHPLIHYN,QVWDSGRGHPLYV,6c5v,9.0,0.4375
QAQIGYGPRGEAMMGY,QEIMYGEAYWRY,8ftt,9.0,0.4375
GISWNSMSSGYADSIK,GGSISSGDS,7t17,9.0,0.4375
GISWNSNSQGYADSIK,GGSISSGDS,7t17,9.0,0.4375
QAQIGYGERGQAMMGY,QEIMYGEAYWRY,8ftt,9.0,0.4375
GVIIGGGHGHPLILYN,QVWDSGRGHPLYV,6c5v,9.0,0.4375
QAQIGYGPRGQAMTGN,QQDGYYPAT,4n1e,9.0,0.4375
GISWNGGSQGYADSMK,GISGSYGWFDP,4hg4,9.0,0.4375
LEGMAGNGPVSLIIPD,LGSGNPVAI,6x1v,9.0,0.4375
VIYSDGRRAVYGDSVK,VIESTRFVYDHY,8ozb,9.0,0.4375
VIYSDGRRAVYGDSVQ,VIESTRFVYDHY,8ozb,9.0,0.4375
GISWGSGEQGYADSVR,GYSSGQGTLDN,8fg0,9.0,0.4375
DAPVNNFGSSGQGLLV,AQGFGSSGVENV,7u5b,9.0,0.4375
NIASDGVNVVPTNYGR,KASENVVTYVS,1uyw,9.0,0.4375
VIYSDGRRSFYADSIQ,INSDGRQSRGD,8d3a,9.0,0.4375
GISWGSGEQGYADSVK,GYSSGQGTLDN,8fg0,9.0,0.4375
NIASDGMNVVPTSYGR,KASENVVTYVS,1uyw,9.0,0.4375
GISWNSNSVGYSDSIK,TLSSGINVGSYSIF,8sgg,9.0,0.4375
GISWGSGEQGYADSVE,GYSSGQGTLDN,8fg0,9.0,0.4375
LEGMYGNGPDAFGIPG,GMDFGPTDAFDI,8tp6,9.0,0.4375
GIIIGGGRGHPLIHYN,QVWDSGRGHPLYV,6c5v,9.0,0.4375
NIASDGMNIVPTNYGR,QASQGITNYVN,8pq2,9.0,0.4375
GISWNSMSQGYADSIK,GGSISSGDS,7t17,9.0,0.4375
GISWGSGQQGYADSVR,GYSSGQGTLDN,8fg0,9.0,0.4375
GISWNSGSVGYADSLR,GSSGAWYFDL,8f2t,9.0,0.4375
LEGMAGNAPVNFIIPD,DLEMAGAFDI,7ul1,9.0,0.4375
GISWNSNSVGYADNIK,RIWRGTVYDNI,5mwn,9.0,0.4375
VIYSDGRRTFYADSVQ,VYRYNYDSV,8dpl,9.0,0.4375
IIYSDGRRTFYADSIQ,SAYAGRQTFYI,7t9a,9.0,0.4375
QAQIGYGERGEAMMGY,QEIMYGEAYWRY,8ftt,9.0,0.4375
VIYADGRRTAYGDSVA,VYRYNYDSV,8dpl,9.0,0.4375
VIYADGRRTAYGDSVE,VYRYNYDSV,8dpl,9.0,0.4375
RYKYGSQPHTYTSR,QYYGSSPLT,8sm1,8.0,0.4285714285714286
KYKYGSQPHTYTSR,QYYGSSPLT,8sm1,8.0,0.4285714285714286
NYKVGSQPYTYRSR,NYGSSYGYFDV,8g5b,8.0,0.4285714285714286
NYKVGSQPHTYRSR,NYYGSTYDY,6ugs,8.0,0.4285714285714286
SITNQELPGGRDKNSVA,SGTSRDIGGYNYVA,8gdr,10.0,0.4117647058823529
SITNQELSGGRSKNSVA,SGTSRDIGGYNYVA,8gdr,10.0,0.4117647058823529
NISEVGSMSGRNKNSVA,GDSVSSNSA,8tnn,10.0,0.4117647058823529
TLQQLALPGSREKNSVA,GRQALGSRAVQ,8d4r,10.0,0.4117647058823529
NISEVGSTSGRNKNSVA,GDSVSSNSA,8tnn,10.0,0.4117647058823529
SITNQELDGGRDKNSVA,SGTSRDIGGYNYVA,8gdr,10.0,0.4117647058823529
NLSQVGDTSGREKNSVA,TASQNVDTNVA,8tq7,10.0,0.4117647058823529
RETTTDLYENQNQNSVA,KSSQTLLYSNNQKNYLA,2gjj,10.0,0.4117647058823529
TLQNQELPGGRDKNSVA,HYQQQLLWGGPDV,8iva,10.0,0.4117647058823529
RETTTDLYENQNKNSVA,KSSQTLLYSNNQKNYLA,2gjj,10.0,0.4117647058823529
SITNQELSGGRDKNSVA,SGTSRDIGGYNYVA,8gdr,10.0,0.4117647058823529
NLSEVGSMSGRNKNSVA,GDSVSSNSA,8tnn,10.0,0.4117647058823529
NLSVVGEQSGRNKNSVA,RASRSVRNNVA,8sxj,10.0,0.4117647058823529
TLQQLELPGSREKNSVA,KSSQSLLYSSRNKNYLA,6xq4,10.0,0.4117647058823529
NLSQIGDTSGREKNSVA,TASQNVDTNVA,8tq7,10.0,0.4117647058823529
NLSQVGETSGREKNSVA,KASQDVGTSVA,8jel,10.0,0.4117647058823529
NLSAVGEMSGRNKNSVA,RASRSVRNNVA,8sxj,10.0,0.4117647058823529
GENNTQYGIA,GNIAYIH,8omz,6.0,0.4
ARDFEYYPGNPGS,ARGGS,8sne,8.0,0.3846153846153846
VRNEIQWKETYTV,VNSITT,7ox2,8.0,0.3846153846153846
VRDNAQPETYNKV,ENHMYETYFDV,1ai1,8.0,0.3846153846153846
YQGEKKCQGTNSA,YPGNSA,1mfa,8.0,0.3846153846153846
VRDNAESTQYQKV,SRRNSGSTYVA,8sk5,8.0,0.3846153846153846
YQGEKKCQGTDSA,TGEGDS,8cxg,8.0,0.3846153846153846
YQGEKKCQATGSA,YGSATS,8k0c,8.0,0.3846153846153846
YQGQKKCQGTNSA,QQQGT,8g5b,8.0,0.3846153846153846
ARDNEYYPGNPGS,ARGGS,8sne,8.0,0.3846153846153846
ARDYEYYPGNPGS,ARGGS,8sne,8.0,0.3846153846153846
YQGEKKCQATDSA,YGSATS,8k0c,8.0,0.3846153846153846
YRRYPDAWRIHGT,RRSDGT,8hbi,8.0,0.3846153846153846
YRHLPDAWRYQAA,DASRRAA,8g4p,8.0,0.3846153846153846
ARDNEYYPGEPGS,ARGGS,8sne,8.0,0.3846153846153846
YQGQKKCQGTDSA,QQQGT,8g5b,8.0,0.3846153846153846
CRDNEYYPGNPGS,YPGGS,8xea,8.0,0.3846153846153846
YQGEKKCQATGTA,QGEFSCSSGDCTA,8heb,8.0,0.3846153846153846
DAPVNNFGNSAQGLLV,DSVWYTGSYGLIY,8cin,10.0,0.375
FEAQAGNAPVQFIVPD,REGGQAGPAWFVY,7c94,10.0,0.375
SIIIGGGHGHPIITQN,SSEIGGGT,8khc,10.0,0.375
FEAQAGNAPVNFIIPD,ERGTGAPDAFNI,7umm,10.0,0.375
SIIIGGGHGHPIILSN,SGTRHIISA,7uoj,10.0,0.375
SIIIGGGHGHPIITGN,SSEIGGGT,8khc,10.0,0.375
FEAMAGNAPVNFIIPD,DLEMAGAFDI,7ul1,10.0,0.375
NIASDGMNVVPANYGR,DPANGR,8sxj,10.0,0.375
QAQIGYGPRGEAMGGN,QEIMYGEAYWRY,8ftt,10.0,0.375
SIIIGGGHGHPIITRN,SSEIGGGT,8khc,10.0,0.375
FEALAGNAPVQFIVPD,AFRILGLSDVFVND,7t4r,10.0,0.375
QAQIGYGPRGQAMGGN,GQGYGRVLLWFGE,8gnh,10.0,0.375
NIASDGMNVLPTNYGR,TASQNVDTNVA,8tq7,10.0,0.375
DAPVMNFGNAGQGLLV,DPFGWAAHGVGLDY,8caf,10.0,0.375
DAPVNNFGNPGQGLLV,DPNNGG,7qt2,10.0,0.375
SIIIGGGHGHPLILYN,GGVHGLDY,8dgu,10.0,0.375
VIYSDGRRTFFADSIQ,VIESTRFVYDHY,8ozb,10.0,0.375
LEALAGNAPVQFIVPD,LGSGNPVAI,6x1v,10.0,0.375
GIIIGGGHGHPLILYN,GIVGDEVGWIYYLY,8a67,10.0,0.375
SIIIGGGHGHPIITSN,SSEIGGGT,8khc,10.0,0.375
SIIIGGGHGHPLILSN,SGGGSN,7e9b,10.0,0.375
FEAQAGNAPVQFIIPD,ERGTGAPDAFNI,7umm,10.0,0.375
DAPVNNFGNSGQGLLV,DSVWYTGSYGLIY,8cin,10.0,0.375
DAPVNNWGSSGQGLLV,DSVWYTGSYGLIY,8cin,10.0,0.375
DAPVNNFGNAGQGLLV,DPFGWAAHGVGLDY,8caf,10.0,0.375
