Sequence,Pred_affinity,num_mutation,CDRH1,CDRH2,CDRH3,CDRL1,CDRL2,CDRL3
EVQLVETGGGLVQPGGSLRLSCAASGFNLNEYGISWVRQAPGKGPEWVSVIYSDGRRTVYGDSVQGRFTISRDTSTNTVYLQMNSLRVEDTAVYYCAKGRAAGTFDAWGQGTLVTVSSGGGGSGGGGSGGGGSDVVMTQSPESLAVSLGERATISCSITDSVVSNNRGRNSVAWYQQKAGQPPKLLIYDATTRASGVPDRFSGSGSGTDFTLTISSLQAEDAAVYYCQQYHRLPLSFGGGTKVEIK,0.1312442570924759,18,GFNLNEYGIS,VIYSDGRRTVYGDSVQ,GRAAGTFDA,SITDSVVSNNRGRNSVA,DATTRAS,QQYHRLPLS
EVQLVETGGGLVQPGGSLRLSCAASGFNLNEYGISWVRQAPGKGPEWVSVIYSDGRRTVYGDSVQGRFTISRDTSTNTVYLQMNSLRVEDTAVYYCAKGRAAGTFDSWGQGTLVTVSSGGGGSGGGGSGGGGSDVVMTQSPESLAVSLGERATISCSITDSVVSNNRGRNSVAWYQQKAGQPPKLLIYDATTRASGVPDRFSGSGSGTDFTLTISSLQAEDAAVYYCQQYHRLPLSFGGGTKVEIK,0.13167232275009155,17,GFNLNEYGIS,VIYSDGRRTVYGDSVQ,GRAAGTFDS,SITDSVVSNNRGRNSVA,DATTRAS,QQYHRLPLS
EVQLVETGGGLVQPGGSLRLSCAASGFNLNEYGISWVRQAPGKGPEWVSVIYSDGRRTVYGDSVQGRFTISRDTSTNTVYLQMNSLRVEDTAVYYCAKGRAAGTFDSWGQGTLVTVSSGGGGSGGGGSGGGGSDVVMTQSPESLAVSLGERATISCSITNSVVSNNRGKNSVAWYQQKAGQPPKLLIYDATTRASGVPDRFSGSGSGTDFTLTISSLQAEDAAVYYCQQYHRLPLSFGGGTKVEIK,0.13178172707557678,16,GFNLNEYGIS,VIYSDGRRTVYGDSVQ,GRAAGTFDS,SITNSVVSNNRGKNSVA,DATTRAS,QQYHRLPLS
EVQLVETGGGLVQPGGSLRLSCAASGFNLNEYGISWVRQAPGKGPEWVSVIYSDGRRTVYGDSVQGRFTISRDTSTNTVYLQMNSLRVEDTAVYYCAKGRAAGTFDSWGQGTLVTVSSGGGGSGGGGSGGGGSDVVMTQSPESLAVSLGERATISCSITNSVVDNNRGRNSVAWYQQKAGQPPKLLIYDATTREAGVPDRFSGSGSGTDFTLTISSLQAEDAAVYYCQQYHRLPLSFGGGTKVEIK,0.1318666785955429,17,GFNLNEYGIS,VIYSDGRRTVYGDSVQ,GRAAGTFDS,SITNSVVDNNRGRNSVA,DATTREA,QQYHRLPLS
EVQLVETGGGLVQPGGSLRLSCAASGFNLNEYGISWVRQAPGKGPEWVSVIYSDGRRTVYGDSVQGRFTISRDTSTNTVYLQMNSLRVEDTAVYYCAKGRAAGTFDSWGQGTLVTVSSGGGGSGGGGSGGGGSDVVMTQSPESLAVSLGERATISCSLTNSVVDNNRGRNSVAWYQQKAGQPPKLLIYDATTRASGVPDRFSGSGSGTDFTLTISSLQAEDAAVYYCQQYHRLPLSFGGGTKVEIK,0.13223928213119507,17,GFNLNEYGIS,VIYSDGRRTVYGDSVQ,GRAAGTFDS,SLTNSVVDNNRGRNSVA,DATTRAS,QQYHRLPLS
EVQLVETGGGLVQPGGSLRLSCAASGFNLNEYGISWVRQAPGKGPEWVSVIYSDGRRTVYGDSVQGRFTISRDTSTNTVYLQMNSLRVEDTAVYYCAKGRAAGTFDSWGQGTLVTVSSGGGGSGGGGSGGGGSDVVMTQSPESLAVSLGERATISCSITDSVVSNNRGKNSVAWYQQKAGQPPKLLIYDATTRASGVPDRFSGSGSGTDFTLTISSLQAEDAAVYYCQQYHRLPLSFGGGTKVEIK,0.1322498470544815,16,GFNLNEYGIS,VIYSDGRRTVYGDSVQ,GRAAGTFDS,SITDSVVSNNRGKNSVA,DATTRAS,QQYHRLPLS
EVQLVETGGGLVQPGGSLRLSCAASGFNLNEYGISWVRQAPGKGPEWVSVIYSDGRRTVYGDSVQGRFTISRDTSTNTVYLQMNSLRVEDTAVYYCAKGKAAGTFDSWGQGTLVTVSSGGGGSGGGGSGGGGSDVVMTQSPESLAVSLGERATISCSITNSVVSNNRGRNSVAWYQQKAGQPPKLLIYDATTREAGVPDRFSGSGSGTDFTLTISSLQAEDAAVYYCQQYHRLPLSFGGGTKVEIK,0.13231948018074036,18,GFNLNEYGIS,VIYSDGRRTVYGDSVQ,GKAAGTFDS,SITNSVVSNNRGRNSVA,DATTREA,QQYHRLPLS
EVQLVETGGGLVQPGGSLRLSCAASGFNLNEYGISWVRQAPGKGPEWVSVIYSDGRRTVYGDSVQGRFTISRDTSTNTVYLQMNSLRVEDTAVYYCAKGRAAGTFDSWGQGTLVTVSSGGGGSGGGGSGGGGSDVVMTQSPESLAVSLGERATISCSITNSVVDNNRGRNSVAWYQQKAGQPPKLLIYDATTRASGVPDRFSGSGSGTDFTLTISSLQAEDAAVYYCQQYHRLPLSFGGGTKVEIK,0.13236990571022034,17,GFNLNEYGIS,VIYSDGRRTVYGDSVQ,GRAAGTFDS,SITNSVVDNNRGRNSVA,DATTRAS,QQYHRLPLS
EVQLVETGGGLVQPGGSLRLSCAASGFNLNEYGISWVRQAPGKGPEWVSVIYSDGRRTVYGDSVQGRFTISRDTSTNTVYLQMNSLRVEDTAVYYCAKGKAAGTFDSWGQGTLVTVSSGGGGSGGGGSGGGGSDVVMTQSPESLAVSLGERATISCSITNSVVDNNRGRNSVAWYQQKAGQPPKLLIYDATTREAGVPDRFSGSGSGTDFTLTISSLQAEDAAVYYCQQYHRLPLSFGGGTKVEIK,0.13242849707603455,18,GFNLNEYGIS,VIYSDGRRTVYGDSVQ,GKAAGTFDS,SITNSVVDNNRGRNSVA,DATTREA,QQYHRLPLS
EVQLVETGGGLVQPGGSLRLSCAASGFNLNEYGISWVRQAPGKGPEWVSVIYSDGRRTVYGDSVQGRFTISRDTSTNTVYLQMNSLRVEDTAVYYCAKGRAAGTFDSWGQGTLVTVSSGGGGSGGGGSGGGGSDVVMTQSPESLAVSLGERATISCSITNSVVSNNRGRNSVAWYQQKAGQPPKLLIYDATTREAGVPDRFSGSGSGTDFTLTISSLQAEDAAVYYCQQYHRLPLSFGGGTKVEIK,0.13257409632205963,17,GFNLNEYGIS,VIYSDGRRTVYGDSVQ,GRAAGTFDS,SITNSVVSNNRGRNSVA,DATTREA,QQYHRLPLS
EVQLVETGGGLVQPGGSLRLSCAASGFNLNEYGISWVRQAPGKGPEWVSVIYSDGRRTVYGDSVQGRFTISRDTSTNTVYLQMNSLRVEDTAVYYCAKGRAAGTFDSWGQGTLVTVSSGGGGSGGGGSGGGGSDVVMTQSPESLAVSLGERATISCSITNSVVDNNRGRNSVAWYQQKAGQPPKLLIYDATTRAAGVPDRFSGSGSGTDFTLTISSLQAEDAAVYYCQQYHRLPLSFGGGTKVEIK,0.1350356936454773,18,GFNLNEYGIS,VIYSDGRRTVYGDSVQ,GRAAGTFDS,SITNSVVDNNRGRNSVA,DATTRAA,QQYHRLPLS
EVQLVETGGGLVQPGGSLRLSCAASGFNLNEYGISWVRQAPGKGPEWVSVIYSDGRRTVYGDSVQGRFTISRDTSTNTVYLQMNSLRVEDTAVYYCAKGKAAGTFDSWGQGTLVTVSSGGGGSGGGGSGGGGSDVVMTQSPESLAVSLGERATISCSITNSVVGNNRGRNSVAWYQQKAGQPPKLLIYDATTREAGVPDRFSGSGSGTDFTLTISSLQAEDAAVYYCQQYHRLPLSFGGGTKVEIK,0.1382642686367035,18,GFNLNEYGIS,VIYSDGRRTVYGDSVQ,GKAAGTFDS,SITNSVVGNNRGRNSVA,DATTREA,QQYHRLPLS
EVQLVETGGGLVQPGGSLRLSCAASGFNLNEYGVSWVRQAPGKGPEWVSVIYSDGRRTVYGDSVQGRFTISRDTSTNTVYLQMNSLRVEDTAVYYCAKGRAAGTFDSWGQGTLVTVSSGGGGSGGGGSGGGGSDVVMTQSPESLAVSLGERATISCSITNSVVDNNRGRNSVAWYQQKAGQPPKLLIYDATTRAAGVPDRFSGSGSGTDFTLTISSLQAEDAAVYYCQQYHRLPLSFGGGTKVEIK,0.1453579217195511,19,GFNLNEYGVS,VIYSDGRRTVYGDSVQ,GRAAGTFDS,SITNSVVDNNRGRNSVA,DATTRAA,QQYHRLPLS
EVQLVETGGGLVQPGGSLRLSCAASGFNLNEYGISWVRQAPGKGPEWVSVIYSDGRRTVYGDSVQGRFTISRDTSTNTVYLQMNSLRVEDTAVYYCAKGRAAGTFDSWGQGTLVTVSSGGGGSGGGGSGGGGSDVVMTQSPESLAVSLGERATISCSITDSVVSNNRGRNSVAWYQQKAGQPPKLLIYDATTRTSGVPDRFSGSGSGTDFTLTISSLQAEDAAVYYCQQYHRLPLSFGGGTKVEIK,0.14811621606349945,17,GFNLNEYGIS,VIYSDGRRTVYGDSVQ,GRAAGTFDS,SITDSVVSNNRGRNSVA,DATTRTS,QQYHRLPLS
EVQLVETGGGLVQPGGSLRLSCAASGFNLDEYGISWVRQAPGKGPEWVSVIYSDGRRTVYGDSVQGRFTISRDTSTNTVYLQMNSLRVEDTAVYYCAKGRAAGTFDSWGQGTLVTVSSGGGGSGGGGSGGGGSDVVMTQSPESLAVSLGERATISCSITNSVVSNNRGRNSVAWYQQKAGQPPKLLIYDATTREAGVPDRFSGSGSGTDFTLTISSLQAEDAAVYYCQQYHRLPLSFGGGTKVEIK,0.14830860495567322,18,GFNLDEYGIS,VIYSDGRRTVYGDSVQ,GRAAGTFDS,SITNSVVSNNRGRNSVA,DATTREA,QQYHRLPLS
EVQLVETGGGLVQPGGSLRLSCAASGFNLNEYGISWVRQAPGKGPEWVSVIYSDGRRTVYGDSVQGRFTISRDTSTNTVYLQMNSLRVEDTAVYYCAKGRAAGTFDSWGQGTLVTVSSGGGGSGGGGSGGGGSDVVMTQSPESLAVSLGERATISCSITNSVVDNNQGRNSVAWYQQKAGQPPKLLIYDATTREAGVPDRFSGSGSGTDFTLTISSLQAEDAAVYYCQQYHRLPLSFGGGTKVEIK,0.14993268251419067,18,GFNLNEYGIS,VIYSDGRRTVYGDSVQ,GRAAGTFDS,SITNSVVDNNQGRNSVA,DATTREA,QQYHRLPLS
EVQLVETGGGLVQPGGSLRLSCAASGFNLNEYGISWVRQAPGKGPEWVSVIYSDGRRAVYGDSVQGRFTISRDTSTNTVYLQMNSLRVEDTAVYYCAKGRAAGTFDSWGQGTLVTVSSGGGGSGGGGSGGGGSDVVMTQSPESLAVSLGERATISCSITDSVVSNNRGKNSVAWYQQKAGQPPKLLIYDATTRASGVPDRFSGSGSGTDFTLTISSLQAEDAAVYYCQQYHRLPLSFGGGTKVEIK,0.15055643022060394,17,GFNLNEYGIS,VIYSDGRRAVYGDSVQ,GRAAGTFDS,SITDSVVSNNRGKNSVA,DATTRAS,QQYHRLPLS
EVQLVETGGGLVQPGGSLRLSCAASGFNLNEYGISWVRQAPGKGPEWVSVIYSDGRRTVYGDSVQGRFTISRDTSTNTVYLQMNSLRVEDTAVYYCAKGRAAGTFDSWGQGTLVTVSSGGGGSGGGGSGGGGSDVVMTQSPESLAVSLGERATISCSLTNSVVDNNRGRNSVAWYQQKAGQPPKLLIYDADTRASGVPDRFSGSGSGTDFTLTISSLQAEDAAVYYCQQYHRLPLSFGGGTKVEIK,0.1505943387746811,17,GFNLNEYGIS,VIYSDGRRTVYGDSVQ,GRAAGTFDS,SLTNSVVDNNRGRNSVA,DADTRAS,QQYHRLPLS
EVQLVETGGGLVQPGGSLRLSCAASGFNLNEYGISWVRQAPGKGPEWVSVIYSDGRRTVYGDSVQGRFTISRDTSTNTVYLQMNSLRVEDTAVYYCAKGRAAGTFDSWGQGTLVTVSSGGGGSGGGGSGGGGSDVVMTQSPESLAVSLGERATISCSITHSVVSNNRGKNSVAWYQQKAGQPPKLLIYDATTRASGVPDRFSGSGSGTDFTLTISSLQAEDAAVYYCQQYHRLPLSFGGGTKVEIK,0.15123975276947021,16,GFNLNEYGIS,VIYSDGRRTVYGDSVQ,GRAAGTFDS,SITHSVVSNNRGKNSVA,DATTRAS,QQYHRLPLS
EVQLVETGGGLVQPGGSLRLSCAASGFNLNEYGISWVRQAPGKGPEWVSVIYSDGRRTVYGDSVQGRFTISRDTSTNTVYLQMNSLRVEDTAVYYCAKGRAAGTMDSWGQGTLVTVSSGGGGSGGGGSGGGGSDVVMTQSPESLAVSLGERATISCSLTNSVVDNNRGRNSVAWYQQKAGQPPKLLIYDATTRASGVPDRFSGSGSGTDFTLTISSLQAEDAAVYYCQQYHRLPLSFGGGTKVEIK,0.1559489667415619,18,GFNLNEYGIS,VIYSDGRRTVYGDSVQ,GRAAGTMDS,SLTNSVVDNNRGRNSVA,DATTRAS,QQYHRLPLS
EVQLVETGGGLVQPGGSLRLSCAASGFNLNEYGISWVRQAPGKGPEWVSVIYSDGRRTVYGDSVQGRFTISRDTSTNTVYLQMNSLRVEDTAVYYCAKGRAAGTFDAWGQGTLVTVSSGGGGSGGGGSGGGGSDVVMTQSPESLAVSLGERATISCSITDSVVSNNRGRNSVAWYQQKAGQPPKLLIYDATTRASGVPDRFSGSGSGTDFTLTISSLQAEDAAVYYCQQYSRLPLSFGGGTKVEIK,0.159384623169899,19,GFNLNEYGIS,VIYSDGRRTVYGDSVQ,GRAAGTFDA,SITDSVVSNNRGRNSVA,DATTRAS,QQYSRLPLS
EVQLVETGGGLVQPGGSLRLSCAASGFNLNEYGISWVRQAPGKGPEWVSVIYSDGRRTVYGQSVQGRFTISRDTSTNTVYLQMNSLRVEDTAVYYCAKGRAAGTFDSWGQGTLVTVSSGGGGSGGGGSGGGGSDVVMTQSPESLAVSLGERATISCSITNSVVSNNRGKNSVAWYQQKAGQPPKLLIYDATTREAGVPDRFSGSGSGTDFTLTISSLQAEDAAVYYCQQYHRLPLSFGGGTKVEIK,0.16489246487617493,17,GFNLNEYGIS,VIYSDGRRTVYGQSVQ,GRAAGTFDS,SITNSVVSNNRGKNSVA,DATTREA,QQYHRLPLS
EVQLVETGGGLVQPGGSLRLSCAASGFNLNEYGISWVRQAPGKGPEWVSVIYSDGRRTVYGDSVQGRFTISRDTSTNTVYLQMNSLRVEDTAVYYCAKGRAAGTFDSWGQGTLVTVSSGGGGSGGGGSGGGGSDVVMTQSPESLAVSLGERATISCSITDSVVSNNRGRNSVAWYQQKAGQPPKLLIYDATTRTSGVPDRFSGSGSGTDFTLTISSLQAEDAAVYYCQQYHRLPLVFGGGTKVEIK,0.16618743538856506,18,GFNLNEYGIS,VIYSDGRRTVYGDSVQ,GRAAGTFDS,SITDSVVSNNRGRNSVA,DATTRTS,QQYHRLPLV
EVQLVETGGGLVQPGGSLRLSCAASGFNLNEYGISWVRQAPGKGPEWVSVIYSDGRRTVYGDSVQGRFTISRDTSTNTVYLQMNSLRVEDTAVYYCAKGRAAGTFDSWGQGTLVTVSSGGGGSGGGGSGGGGSDVVMTQSPESLAVSLGERATISCSITDSVVSNNRGRNSVAWYQQKAGQPPKLLIYDATTQASGVPDRFSGSGSGTDFTLTISSLQAEDAAVYYCQQYHRLPLSFGGGTKVEIK,0.16866236925125122,18,GFNLNEYGIS,VIYSDGRRTVYGDSVQ,GRAAGTFDS,SITDSVVSNNRGRNSVA,DATTQAS,QQYHRLPLS
EVQLVETGGGLVQPGGSLRLSCAASGFNLNEYGISWVRQAPGKGPEWVSVIYSDGRRTVYGDSVQGRFTISRDTSTNTVYLQMNSLRVEDTAVYYCAKGRAAGTFDAWGQGTLVTVSSGGGGSGGGGSGGGGSDVVMTQSPESLAVSLGERATISCSITDSVVWNNRGRNSVAWYQQKAGQPPKLLIYDATTRASGVPDRFSGSGSGTDFTLTISSLQAEDAAVYYCQQYHRLPLSFGGGTKVEIK,0.17273369431495667,18,GFNLNEYGIS,VIYSDGRRTVYGDSVQ,GRAAGTFDA,SITDSVVWNNRGRNSVA,DATTRAS,QQYHRLPLS
EVQLVETGGGLVQPGGSLRLSCAASGFNLNEYGISWVRQAPGKGPEWVSVIYSDGRRTVYGDSVQGRFTISRDTSTNTVYLQMNSLRVEDTAVYYCAKGRAAGTFDSWGQGTLVTVSSGGGGSGGGGSGGGGSDVVMTQSPESLAVSLGERATISCSITNSVVDNNRGRNSMAWYQQKAGQPPKLLIYDATTRASGVPDRFSGSGSGTDFTLTISSLQAEDAAVYYCQQYHRLPLSFGGGTKVEIK,0.17279578745365143,18,GFNLNEYGIS,VIYSDGRRTVYGDSVQ,GRAAGTFDS,SITNSVVDNNRGRNSMA,DATTRAS,QQYHRLPLS
EVQLVETGGGLVQPGGSLRLSCAASGFNLNEYGISWVRQAPGKGPEWVSVIYSDGRRTVYGDSVQGRFTISRDTSTNTVYLQMNSLRVEDTAVYYCAKGRAAGTFDSWGQGTLVTVSSGGGGSGGGGSGGGGSDVVMTQSPESLAVSLGERATISCSITNSVVDNNRGRNSVAWYQQKAGQPPKLLIYQATTRASGVPDRFSGSGSGTDFTLTISSLQAEDAAVYYCQQYHRLPLSFGGGTKVEIK,0.17501799762248993,17,GFNLNEYGIS,VIYSDGRRTVYGDSVQ,GRAAGTFDS,SITNSVVDNNRGRNSVA,QATTRAS,QQYHRLPLS
EVQLVETGGGLVQPGGSLRLSCAASRFNLNEYGISWVRQAPGKGPEWVSVIYSDGRRTVYGDSVQGRFTISRDTSTNTVYLQMNSLRVEDTAVYYCAKGRAAGTFDSWGQGTLVTVSSGGGGSGGGGSGGGGSDVVMTQSPESLAVSLGERATISCSITNSVVSNNRGRNSVAWYQQKAGQPPKLLIYDATTREAGVPDRFSGSGSGTDFTLTISSLQAEDAAVYYCQQYHRLPLSFGGGTKVEIK,0.17852729558944702,18,RFNLNEYGIS,VIYSDGRRTVYGDSVQ,GRAAGTFDS,SITNSVVSNNRGRNSVA,DATTREA,QQYHRLPLS
EVQLVETGGGLVQPGGSLRLSCAASGFNLNEYGISWVRQAPGKGPEWVSVIYSDGRRAQYGDSVQGRFTISRDTSTNTVYLQMNSLRVEDTAVYYCAKGRAAGTFDSWGQGTLVTVSSGGGGSGGGGSGGGGSDVVMTQSPESLAVSLGERATISCSITDSVVSNNRGKNSVAWYQQKAGQPPKLLIYDATTRASGVPDRFSGSGSGTDFTLTISSLQAEDAAVYYCQQYHRLPLSFGGGTKVEIK,0.1798555999994278,17,GFNLNEYGIS,VIYSDGRRAQYGDSVQ,GRAAGTFDS,SITDSVVSNNRGKNSVA,DATTRAS,QQYHRLPLS
EVQLVETGGGLVQPGGSLRLSCAASGHNLNEYGISWVRQAPGKGPEWVSVIYSDGRRTVYGDSVQGRFTISRDTSTNTVYLQMNSLRVEDTAVYYCAKGKAAGTFDSWGQGTLVTVSSGGGGSGGGGSGGGGSDVVMTQSPESLAVSLGERATISCSITNSVVEPNRGRNSVAWYQQKAGQPPKLLIYDATTRASGVPDRFSGSGSGTDFTLTISSLQAEDAAVYYCQQYHRLPLSFGGGTKVEIK,0.18395020067691803,19,GHNLNEYGIS,VIYSDGRRTVYGDSVQ,GKAAGTFDS,SITNSVVEPNRGRNSVA,DATTRAS,QQYHRLPLS
EVQLVETGGGLVQPGGSLRLSCAASGFNLNEYGISWVRQAPGKGPEWVSVIYSDGRRTVYGDSVQGRFTISRDTSTNTVYLQMNSLRVEDTAVYYCAKGRAAGTFDAWGQGTLVTVSSGGGGSGGGGSGGGGSDVVMTQSPESLAVSLGERATISCSITDSVVSNNRGRNSVAWYQQKAGQPPKLLIYDATERASGVPDRFSGSGSGTDFTLTISSLQAEDAAVYYCQQYSRLPLSFGGGTKVEIK,0.18879328668117523,20,GFNLNEYGIS,VIYSDGRRTVYGDSVQ,GRAAGTFDA,SITDSVVSNNRGRNSVA,DATERAS,QQYSRLPLS
EVQLVETGGGLVQPGGSLRLSCAASGFNLNEYGISWVRQAPGKGPEWVSVIYSDGRRCVYGDSVQGRFTISRDTSTNTVYLQMNSLRVEDTAVYYCAKGRAAGTFDSWGQGTLVTVSSGGGGSGGGGSGGGGSDVVMTQSPESLAVSLGERATISCSITDSVVSNNRGRNSVAWYQQKAGQPPKLLIYDATTRASGVPDRFSGSGSGTDFTLTISSLQAEDAAVYYCQQYHRLPLSFGGGTKVEIK,0.19067491590976715,18,GFNLNEYGIS,VIYSDGRRCVYGDSVQ,GRAAGTFDS,SITDSVVSNNRGRNSVA,DATTRAS,QQYHRLPLS
EVQLVETGGGLVQPGGSLRLSCAASGFNLNEYGISWVRQAPGKGPEWVSVIYSDGRRTVYGDSVQGRFTISRDTSTNTVYLQMNSLRVEDTAVYYCAKGRHAGTFDSWGQGTLVTVSSGGGGSGGGGSGGGGSDVVMTQSPESLAVSLGERATISCSITDSVVSNNRGRNSVAWYQQKAGQPPKLLIYDATTRASGVPDRFSGSGSGTDFTLTISSLQAEDAAVYYCQQYHRLPLSFGGGTKVEIK,0.19089306890964508,18,GFNLNEYGIS,VIYSDGRRTVYGDSVQ,GRHAGTFDS,SITDSVVSNNRGRNSVA,DATTRAS,QQYHRLPLS
EVQLVETGGGLVQPGGSLRLSCAASGHNLNEYGISWVRQAPGKGPEWVSVIYSDGRRTVYGDSVQGRFTISRDTSTNTVYLQMNSLRVEDTAVYYCAKGKAAGTFDSWGQGTLVTVSSGGGGSGGGGSGGGGSDVVMTQSPESLAVSLGERATISCTITNSVVEPNRGRNSVAWYQQKAGQPPKLLIYDATTRASGVPDRFSGSGSGTDFTLTISSLQAEDAAVYYCQQYHRLPLSFGGGTKVEIK,0.19656586647033691,19,GHNLNEYGIS,VIYSDGRRTVYGDSVQ,GKAAGTFDS,TITNSVVEPNRGRNSVA,DATTRAS,QQYHRLPLS
EVQLVETGGGLVQPGGSLRLSCAASGFNLNEYGISWVRQAPGKGPEWVSVIYSDGRRTVYGDSVQGRFTISRDTSTNTVYLQMNSLRVEDTAVYYCAKGRRAGTFDSWGQGTLVTVSSGGGGSGGGGSGGGGSDVVMTQSPESLAVSLGERATISCSITNSVVSNNRGKNSVAWYQQKAGQPPKLLIYDATTRASGVPDRFSGSGSGTDFTLTISSLQAEDAAVYYCQQYHRLPLSFGGGTKVEIK,0.2018386721611023,17,GFNLNEYGIS,VIYSDGRRTVYGDSVQ,GRRAGTFDS,SITNSVVSNNRGKNSVA,DATTRAS,QQYHRLPLS
EVQLVETGGGLVQPGGSLRLSCAASGFNLNEYGISWVRQAPGKGPEWVSVIYSDGRRTVYGDSVQGRFTISRDTSTNTVYLQMNSLRVEDTAVYYCAKGRAAGQFDSWGQGTLVTVSSGGGGSGGGGSGGGGSDVVMTQSPESLAVSLGERATISCSITNSVVDNNRGRNSVAWYQQKAGQPPKLLIYDATTREAGVPDRFSGSGSGTDFTLTISSLQAEDAAVYYCQQYHRLPLSFGGGTKVEIK,0.20287829637527466,18,GFNLNEYGIS,VIYSDGRRTVYGDSVQ,GRAAGQFDS,SITNSVVDNNRGRNSVA,DATTREA,QQYHRLPLS
EVQLVETGGGLVQPGGSLRLSCAASGFNLNEYGISWVRQAPGKGPEWVSVIYSDGRRTVYGDSVQGRFTISRDTSTNTVYLQMNSLRVEDTAVYYCAKGRAAGTFDAWGQGTLVTVSSGGGGSGGGGSGGGGSDVVMTQSPESLAVSLGERATISCSITDSVVSNNRGRNSVAWYQQKAGQPPKLLIYNATTREAGVPDRFSGSGSGTDFTLTISSLQAEDAAVYYCQQYHRLPLSFGGGTKVEIK,0.20429548621177673,18,GFNLNEYGIS,VIYSDGRRTVYGDSVQ,GRAAGTFDA,SITDSVVSNNRGRNSVA,NATTREA,QQYHRLPLS
EVQLVETGGGLVQPGGSLRLSCAASGFNLNEYGISWVRQAPGKGPEWVSVIYSDGRRTVYGDSVQGRFTISRDTSTNTVYLQMNSLRVEDTAVYYCAKGKAAGTFDSWGQGTLVTVSSGGGGSGGGGSGGGGSDVVMTQSPESLAVSLGERATISCSITNSVVEPNRGRNSVAWYQQKAGQPPKLLIYDATTRASGVPDRFSGSGSGTDFTLTISSLQAEDAAVYYCQQYHRLPLLFGGGTKVEIK,0.2044059932231903,19,GFNLNEYGIS,VIYSDGRRTVYGDSVQ,GKAAGTFDS,SITNSVVEPNRGRNSVA,DATTRAS,QQYHRLPLL
EVQLVETGGGLVQPGGSLRLSCAASGFNLNMYGISWVRQAPGKGPEWVSVIYSDGRRAVYGDSVQGRFTISRDTSTNTVYLQMNSLRVEDTAVYYCAKGRAAGTFDSWGQGTLVTVSSGGGGSGGGGSGGGGSDVVMTQSPESLAVSLGERATISCSITDSVVSNNRGKNSVAWYQQKAGQPPKLLIYDATTRASGVPDRFSGSGSGTDFTLTISSLQAEDAAVYYCQQYHRLPLSFGGGTKVEIK,0.20610545575618744,17,GFNLNMYGIS,VIYSDGRRAVYGDSVQ,GRAAGTFDS,SITDSVVSNNRGKNSVA,DATTRAS,QQYHRLPLS
EVQLVETGGGLVQPGGSLRLSCAASGFNLNEYGISWVRQAPGKGPEWVSVIYSDGRRTVYGDSVQGRFTISRDTSTNTVYLQMNSLRVEDTAVYYCAKGRAAGQFDSWGQGTLVTVSSGGGGSGGGGSGGGGSDVVMTQSPESLAVSLGERATISCSITNSVVDNNRGRNSVAWYQQKAGQPPKLLIYDATTRAAGVPDRFSGSGSGTDFTLTISSLQAEDAAVYYCQQYHRLPLSFGGGTKVEIK,0.20665663480758667,19,GFNLNEYGIS,VIYSDGRRTVYGDSVQ,GRAAGQFDS,SITNSVVDNNRGRNSVA,DATTRAA,QQYHRLPLS
EVQLVETGGGLVQPGGSLRLSCAASGFNLNEYGISWVRQAPGKGPEWVSVIYSDGRRTVYGDSVQGRFTISRDTSTNTVYLQMNSLRVEDTAVYYCAKGKAAGTFDSWGQGTLVTVSSGGGGSGGGGSGGGGSDVVMTQSPESLAVSLGERATISCSITNSVVCNNRGRNSVAWYQQKAGQPPKLLIYDATTRESGVPDRFSGSGSGTDFTLTISSLQAEDAAVYYCQQYHRLPLSFGGGTKVEIK,0.20678465068340302,17,GFNLNEYGIS,VIYSDGRRTVYGDSVQ,GKAAGTFDS,SITNSVVCNNRGRNSVA,DATTRES,QQYHRLPLS
EVQLVETGGGLVQPGGSLRLSCAASGFNLNEYGISWVRQAPGKGPEWVSVIYSDGRRTVYGDSVQGRFTISRDTSTNTVYLQMNSLRVEDTAVYYCAKGRAAGTFHSWGQGTLVTVSSGGGGSGGGGSGGGGSDVVMTQSPESLAVSLGERATISCSITNSVVSNNRGKNSVAWYQQKAGQPPKLLIYDATTRASGVPDRFSGSGSGTDFTLTISSLQAEDAAVYYCQQYHRLPLSFGGGTKVEIK,0.20978973805904388,17,GFNLNEYGIS,VIYSDGRRTVYGDSVQ,GRAAGTFHS,SITNSVVSNNRGKNSVA,DATTRAS,QQYHRLPLS
EVQLVETGGGLVQPGGSLRLSCAASGHNLNEYGISWVRQAPGKGPEWVSVIYSDGRRTVYGDSVQGRFTISRDTSTNTVYLQMNSLRVEDTAVYYCAKGRHAGTFDSWGQGTLVTVSSGGGGSGGGGSGGGGSDVVMTQSPESLAVSLGERATISCSITDSVVSNNRGRNSVAWYQQKAGQPPKLLIYDATTRASGVPDRFSGSGSGTDFTLTISSLQAEDAAVYYCQQYHRLPLSFGGGTKVEIK,0.2149830460548401,19,GHNLNEYGIS,VIYSDGRRTVYGDSVQ,GRHAGTFDS,SITDSVVSNNRGRNSVA,DATTRAS,QQYHRLPLS
EVQLVETGGGLVQPGGSLRLSCAASKFNLNEYGISWVRQAPGKGPEWVSVIYSDGRRTVYGDSVQGRFTISRDTSTNTVYLQMNSLRVEDTAVYYCAKGRAAGTFDSWGQGTLVTVSSGGGGSGGGGSGGGGSDVVMTQSPESLAVSLGERATISCSITDSVVSNNRGRNSVAWYQQKAGQPPKLLIYDATTRTSGVPDRFSGSGSGTDFTLTISSLQAEDAAVYYCQQYHRLPLVFGGGTKVEIK,0.2153487354516983,19,KFNLNEYGIS,VIYSDGRRTVYGDSVQ,GRAAGTFDS,SITDSVVSNNRGRNSVA,DATTRTS,QQYHRLPLV
EVQLVETGGGLVQPGGSLRLSCAASGFNLNEYGISWVRQAPGKGPEWVSVIYSDGRRTVYGDSVQGRFTISRDTSTNTVYLQMNSLRVEDTAVYYCAKGRAAGQFDSWGQGTLVTVSSGGGGSGGGGSGGGGSDVVMTQSPESLAVSLGERATISCSITNSVVDNNRGRNSVAWYQQKAGQPPKLLIYDTTTREAGVPDRFSGSGSGTDFTLTISSLQAEDAAVYYCQQYHRLPLSFGGGTKVEIK,0.21789754927158356,19,GFNLNEYGIS,VIYSDGRRTVYGDSVQ,GRAAGQFDS,SITNSVVDNNRGRNSVA,DTTTREA,QQYHRLPLS
EVQLVETGGGLVQPGGSLRLSCAASGFNLNEYGIHWVRQAPGKGPEWVSVIYSDGRRTVYGDSVQGRFTISRDTSTNTVYLQMNSLRVEDTAVYYCAKGKAAGTFDSWGQGTLVTVSSGGGGSGGGGSGGGGSDVVMTQSPESLAVSLGERATISCSITDSVVSNNRGKNSVAWYQQKAGQPPKLLIYDATTRASGVPDRFSGSGSGTDFTLTISSLQAEDAAVYYCQQYHRLPLSFGGGTKVEIK,0.21934711933135986,18,GFNLNEYGIH,VIYSDGRRTVYGDSVQ,GKAAGTFDS,SITDSVVSNNRGKNSVA,DATTRAS,QQYHRLPLS
EVQLVETGGGLVQPGGSLRLSCAASGFNLNEYGISWVRQAPGKGPEWVSVIYSDGRRTVYGDSVQGRFTISRDTSTNTVYLQMNSLRVEDTAVYYCAKGKAAGTFDVWGQGTLVTVSSGGGGSGGGGSGGGGSDVVMTQSPESLAVSLGERATISCSITNSVVCNNRGRNSVAWYQQKAGQPPKLLIYDATTRESGVPDRFSGSGSGTDFTLTISSLQAEDAAVYYCQQYHRLPLSFGGGTKVEIK,0.22939959168434143,18,GFNLNEYGIS,VIYSDGRRTVYGDSVQ,GKAAGTFDV,SITNSVVCNNRGRNSVA,DATTRES,QQYHRLPLS
EVQLVETGGGLVQPGGSLRLSCAASGFNLNEYGISWVRQAPGKGPEWVSVIYSDGRRTVYADSVQGRFTISRDTSTNTVYLQMNSLRVEDTAVYYCAKGKAAGTFDCWGQGTLVTVSSGGGGSGGGGSGGGGSDVVMTQSPESLAVSLGERATISCSITNSVVSNNRGRNSVAWYQQKAGQPPKLLIYDATTREAGVPDRFSGSGSGTDFTLTISSLQAEDAAVYYCQQYHRLPLSFGGGTKVEIK,0.2354046106338501,20,GFNLNEYGIS,VIYSDGRRTVYADSVQ,GKAAGTFDC,SITNSVVSNNRGRNSVA,DATTREA,QQYHRLPLS
EVQLVETGGGLVQPGGSLRLSCAASGFNLNEYGISWVRQAPGKGPEWVSVIYSDGRRTFYGDSVQGRFTISRDTSTNTVYLQMNSLRVEDTAVYYCAKGRRAGTFDSWGQGTLVTVSSGGGGSGGGGSGGGGSDVVMTQSPESLAVSLGERATISCSITNSVVSNNRGKNSVAWYQQKAGQPPKLLIYDATTRASGVPDRFSGSGSGTDFTLTISSLQAEDAAVYYCQQYHRLPLVFGGGTKVEIK,0.2392825037240982,17,GFNLNEYGIS,VIYSDGRRTFYGDSVQ,GRRAGTFDS,SITNSVVSNNRGKNSVA,DATTRAS,QQYHRLPLV
EVQLVETGGGLVQPGGSLRLSCAASGFNLNEYGISWVRQAPGKGPEWVSVIYSDGRRTVYGDSVQGRFTISRDTSTNTVYLQMNSLRVEDTAVYYCAKGKAAGTFDSWGQGTLVTVSSGGGGSGGGGSGGGGSDVVMTQSPESLAVSLGERATISCSITDHGSSNTFGANSVAWYQQKAGQPPKLLIYDATTREAGVPDRFSGSGSGTDFTLTISSLQAEDAAVYYCQQYHRLPLSFGGGTKVEIK,0.24493062496185303,21,GFNLNEYGIS,VIYSDGRRTVYGDSVQ,GKAAGTFDS,SITDHGSSNTFGANSVA,DATTREA,QQYHRLPLS
